{"cameraMode":{"drawMode":0,"name":"Shaded","section":"Shading Mode"},"sceneLighting":false,"audioPlay":false,"sceneViewState":{"showFog":true,"showMaterialUpdate":false,"showSkybox":false,"showFlares":true,"showImageEffects":true,"showParticleSystems":true,"showVisualEffectGraphs":true,"m_FxEnabled":true},"in2DMode":false,"pivot":{"x":-0.010009288787841797,"y":-0.4251512289047241,"z":3.284358263015747},"rotation":{"x":0.026962272822856904,"y":-0.4879448115825653,"z":0.015081382356584072,"w":0.8723298907279968},"size":3.8537404537200929,"orthographic":false}